[
  {
    "id": "d42fc956-1dc4-4621-acae-d3751d75a6bc",
    "data": [
      {
        "text": "bbye",
        "userDefined": false
      }
    ],
    "isTemplate": false,
    "count": 0,
    "updated": 0
  },
  {
    "id": "68d34f5a-6a6f-46b6-b7f8-ea49b8c5cf8b",
    "data": [
      {
        "text": "Bye",
        "userDefined": false
      }
    ],
    "isTemplate": false,
    "count": 0,
    "updated": 0
  },
  {
    "id": "c81a9740-8c2d-48ff-ba3f-a68c17a60497",
    "data": [
      {
        "text": "Good bye",
        "userDefined": false
      }
    ],
    "isTemplate": false,
    "count": 0,
    "updated": 0
  }
]