[
  {
    "id": "95bd8784-d9b4-4107-9172-81dad1c3bdf9",
    "data": [
      {
        "text": "New KYC Form",
        "userDefined": false
      }
    ],
    "isTemplate": false,
    "count": 0,
    "updated": 0
  },
  {
    "id": "ccf6d87f-b420-4504-8374-bf0f4e4e1918",
    "data": [
      {
        "text": "KYC Registration Form",
        "userDefined": false
      }
    ],
    "isTemplate": false,
    "count": 0,
    "updated": 0
  },
  {
    "id": "3ef2604c-8108-4a58-833e-dcf506a6da3d",
    "data": [
      {
        "text": "New User KYC form",
        "userDefined": false
      }
    ],
    "isTemplate": false,
    "count": 0,
    "updated": 0
  }
]